ID,Answer
0,長劍
1,《諸羅縣志》
2,袁晁
3,柏林陸軍學院
4,長盤勝負
5,東北抗日義勇軍軍歌，其中由孫銘武
6,1874年
7,西漢的版圖向西擴張
8,郵政機關
9,有所更改，以醜化對方
10,周星馳
11,秀吉
12,無障礙環境
13,
14,2004年
15,硫-34
16,休伯特•漢弗萊
17,外面的部份溫度會比內部核心的低。主序星或巨星的核心溫度至少有107克耳文
18,經濟
19,100公里
20,愛爾蘭語，在英語中也稱為[UNK]、[UNK]、[UNK][UNK]或[UNK]，因此在漢語中愛爾蘭語
21,荷蘭
22,硫磺
23,塞爾維亞反對黨
24,數十年
25,拜占庭外交
26,拉丁文[UNK]
27,路加是希臘人
28,1964年
29,
30,文化大革命
31,阿普列尤斯
32,灣仔區
33,中國
34,英文
35,1964年
36,臺北市
37,白色
38,遊行示威
39,南人
40,南宋
41,萬尼瓦爾·布希
42,46億年
43,1925年
44,社會保障法規
45,第一教學樓
46,1929年
47,卓越的航天技術
48,1932年
49,大型購物中心[UNK]開幕
50,
51,工學部
52,1960年代
53,亞歷山大一世被刺殺
54,紐約市
55,基督教
56,阿爾法版本
57,100萬
58,新北市教育
59,愛心聖誕大行動
60,勃艮第公爵
61,中國國民黨
62,中生代侏羅紀
63,阿拉貢國王卡洛斯三世
64,熱帶雨林氣候
65,意圖完全擺脫漢朝的控制
66,李宗仁
67,東漢
68,噴射發動機為動力，擺脫螺旋槳在接近音速時的上限
69,弘治十二年
70,亞洲
71,1994年
72,德意志聯邦共和國
73,
74,聖方濟·沙勿略是西班牙籍天主教傳教士，也是耶穌會創始人之一，首先將天主教信仰傳播到亞洲的麻六甲和日本。天主教會稱之為「歷史上最偉大的傳教士」；是「傳教士的主保
75,交通運輸部
76,高麗大學校主樓
77,八角鼓
78,羽柴秀吉
79,俾斯麥
80,金泳三
81,1958年
82,靈魂
83,科龍港
84,蓋爾人
85,四次重差觀測術
86,西漢元封二年
87,隋滅南陳
88,佛教
89,
90,豐臣秀吉
91,三吳地區
92,英國
93,壓縮一些過高指標
94,武漢水利電力大學
95,
96,1934年
97,檸檬酸咖啡因治療。使用檸檬酸咖啡因療法
98,1876年
99,1949年
100,大象
101,1915年
102,1600年
103,異裂
104,美國
105,芝諾比亞
106,沈器遠棄城退駐光陵。此時多鐸部也已攻破平壤，與皇太極會師。一月三十日仁祖與王世子李[UNK]
107,蒙古族
108,佛學論書
109,北海道大學
110,歐登堡
111,三天
112,1944年
113,曼努埃爾二世
114,咸豐帝
115,哈林河
116,孟加拉
117,尹伊桑
118,中原
119,荷蘭語
120,威廉·洛厄爾·普特南
121,國務委員
122,坦尚尼亞
123,陳寅恪
124,刺殺
125,喃字
126,二千九百公尺
127,1939年
128,害怕德軍在東線戰線上沒有足夠兵力應付俄國。故此，他決定於西線調派多一些兵力到東線上應付俄軍，此決定令德軍於西線的進攻上遇到更多困難。為迅速取得西線勝利
129,福建林家
130,用來運貨
131,民主黨
132,西人黨
133,2013年
134,臺北
135,查莫洛人
136,杭縣
137,蘇聯國旗
138,蘇黎世協定
139,1941年
140,政府資助研究
141,點石齋畫報
142,南越地區
143,1988年
144,上吊方式
145,喬治麥高文
146,張仲景的醫學臨床著作《傷寒雜病論》；隋朝醫學家巢元方的外科手術著作《諸病源候論》；明朝醫藥學家李時珍的《本草綱目》；明代醫學家吳有性
147,
148,阿拉里克
149,德蘇戰爭
150,髒層
151,工業國家
152,1949年
153,就業保障制度
154,清光緒十七年
155,雕像
156,國共內戰戰況失利
157,未經國聯批准下合併
158,乙醚
159,太武帝
160,卡爾梅克人
161,1969年初，劉少奇患重病
162,63位
163,卡利克斯特三世
164,古希臘時代
165,盧安達語
166,香港九龍半島東面
167,孫中山
168,農業
169,網景通訊公司
170,1870年8月2日
171,1999年
172,《天淨沙》
173,二次大戰
174,公元68年
175,趙佗
176,莎草紙
177,岑智明
178,普法戰爭，在法國稱1870年法德戰爭，在德國稱德法戰爭，是普魯士為了統一德國，並與法國爭奪歐洲大陸霸權而爆發的戰爭。戰爭是由法國發動，最後以普魯士大獲全勝
179,公元前362年
180,創建強力政府
181,28歲
182,1948年7月
183,保加利亞
184,便利使用
185,10度
186,日本社會黨
187,第三世界國家
188,波士頓
189,1992年
190,網球正拍擊球
191,
192,明朝
193,文藝復興
194,2000年
195,2012年
196,考古
197,
198,森林
199,阿森納女子足球俱樂部
200,多黨制
201,居民
202,1920年
203,浮動匯率制度。從1953年到1973年，以計劃經濟制度，人民幣與美元有正式
204,多倫多
205,
206,彌爾
207,反貪污特警隊
208,艾瑪·史東
209,在時域上數學形式為連續函式的訊號
210,生命力與流動性
211,亞歷山大一世
212,義大利的威尼斯影展
213,海拔1000米以上的雲貴高原上，但也因同時受到其南部中南半島的海洋氣流影響，加上地理位置上正處在冬季於中國活躍的兩般高壓區之間的真空帶，故即使西雙版納全年固有清涼
214,新北市
215,聯盟合作
216,釣魚臺列為自身領土，並且進而引起有關海上疆界劃定的爭端。其中中華人民共和國與中華民國認為早在1534年明朝
217,克孜勒
218,主持一線工作
219,好在歷史是人民寫的。他的病本非難症，只因治療不及時，引起多種併發症。特別是中共高層通知[UNK]不宜透視、拍片、會診，不久又將北京來的人員和藥品全部撤回
220,美觀
221,科學園區
222,西部地區
223,1982年
224,宣宗末年
225,部落最高領袖或皇帝
226,斯洛伐克布拉迪斯拉發
227,國立廣東大學
228,發明家
229,2006年
230,沒有
231,器官
232,1262年
233,荷蘭東印度公司
234,三倍
235,耗盡了核心的氫燃料，質量大於0.4太陽質量的恆星，會膨脹
236,颱風
237,2016年
238,1968年
239,世界第六
240,年輕的大學
241,武隆區
242,萬神廟
243,阿美族
244,黑死病
245,2007年
246,
247,由於據傳在與比提尼亞國王的性行為中處於被動地位
248,2009年
249,夏曼
250,溥[UNK]
251,創始人
252,決勝局必定是單數局
253,國民黨中央政治會議議決將廣東省省務會議改組成廣東省政府委員會
254,韓國遊戲
255,1951年
256,漢語拼音方案
257,1984年
258,地面車站
259,布倫瑞克造型藝術學院
260,法蘭西第二帝國
261,商業
262,
263,利用小型雷達測距儀追蹤目標的距離，協助飛行員找到最佳射擊時機，提高一般飛行員的命中率
264,哥白尼日心說
265,缺氧狀態
266,
267,明朝
268,1848年
269,1954年
270,1998年
271,韓國
272,《南華早報》
273,麻痺嗅覺神經
274,佛像
275,阿聯
276,灣仔發展計劃第二期
277,裝甲部隊
278,田川氏
279,天狼星
280,自律心肌細胞喪失了收縮性，但它們和工作心肌細胞
281,1985年
282,德語地區
283,離島機場
284,1237年
285,東羅馬
286,傅亮
287,奧地利
288,
289,1654年
290,清代
291,美川王
292,梁啟超
293,日本
294,1954年
295,太陽運動
296,諸葛長民
297,細胞外的鈣離子
298,383年
299,羅納爾迪尼奧
300,慕容垂
301,火山活動
302,利奧三世
303,拉丁字母
304,要提升飛機的飛行安全，降低因為鋼纜或者是滑輪等裝置失效導致失去控制的問題
305,丁基羥基甲苯
306,中緬大戰
307,斯德哥爾摩
308,第三紀中新世
309,中華民國
310,高麗時期
311,靳雲鵬
312,1958年
313,南極條約協商會議
314,1083種
315,曹魏故都智慧之旅
316,
317,布爾什維克革命
318,民主黨
319,邊沁
320,紅色
321,1928年
322,期貨合約
323,十多個
324,300美元
325,楊宇霆
326,民國33年黔南事變後，經時任中國陸軍總司令何應欽的推薦，楊森於民國34年1月調任貴州省政府主席。楊森在貴州當政期間，提出了「建設新貴州」的口號，並大力發展體育事業
327,元世祖
328,力自行車
329,數學
330,中華人民共和國湖北省中部
331,經濟
332,阻塞維持的時間
333,朱一貴
334,愛爾蘭語
335,正確的發球中，發出的球應該越過球網，並落在球網另一側斜對角發球區中的任意一點。如果球觸網但依然落在斜對角的發球區，則構成觸網，應該重新發球。如果球落網
336,銃炮
337,1959年
338,1980年代
339,凱·艾維
340,
341,1980年
342,《聖經》拉丁文譯本，由耶柔米自希伯來文
343,第一心音
344,2010年
345,武漢
346,1868年
347,托土拉島
348,美國
349,倫敦大學
350,騎山路
351,岡底斯山脈西段群山
352,1973年
353,維吾爾人無異。烏孜別克族源是粟特人和突厥
354,三菱重工業長崎造船廠
355,南斯拉夫人
356,民主制度的恢復
357,硫礦
358,丹尼索瓦人混血
359,忽必烈
360,中國
361,2003年
362,拉直
363,波蘭
364,1954年
365,韓國
366,維京戈達島
367,1964年
368,史都華
369,1910年
370,突厥語族
371,沙阿摩訶末時期崛起
372,1958年
373,2011年
374,激進組織
375,巴爾的摩市
376,彰化市
377,社團部
378,
379,電子郵件
380,元武宗
381,楊浦區大連路的地鐵站2號口，即電影《風雲兒女》的拍攝地的上海國歌紀念廣場
382,2005年
383,器官移植手術
384,《禁書目錄》
385,
386,雙循環泵功能
387,1809年
388,德國和日本國內市場狹小而無法發展
389,民國32年
390,害怕德軍在東線戰線上沒有足夠兵力應付俄國
391,
392,盟旗制
393,爭取速度上的優勢。這些戰鬥機是最初使用噴射發動機為動力，擺脫螺旋槳在接近音速時的上限
394,國家起源說
395,路易·巴斯德
396,中部科學園區
397,宣統三年九月十九日
398,1991年
399,文學體裁
400,第二次工業革命
401,突厥語
402,
403,坎貝爾式
404,13小時。生過孩子的母親則平均是8小時
405,樂壇女王
406,民國16年南京國民政府進駐後，道制才正式廢止。民國18年
407,國立廣東大學
408,亞伯拉罕諸教
409,六億七千多萬美金
410,妖怪
411,專家
412,中文
413,硫化物沉澱時根據溫度的不同硫-34
414,非常混亂
415,阿爾泰語系
416,清太宗皇太極
417,信陽市
418,7000名
419,准將
420,日冕
421,科技
422,媽祖
423,鮑德溫伯爵
424,計劃委員會
425,15米
426,蘇丹南部
427,雲騎尉
428,
429,李承晚
430,太陽
431,那拉氏
432,辛酉政變
433,銅的礦物
434,統一企業
435,1月1日
436,生物學
437,陳誠
438,孫中山
439,德國單獨媾和
440,德國工業的控制權
441,中原大戰
442,1978年
443,天皇
444,731
445,摩斯科格族
446,嘉義市
447,經濟作物也有較大發展
448,肺呼氣機制
449,五角星
450,
451,航海工業和航海貿易中心
452,阿29
453,力自行車
454,中共中央政治局常委會
455,1945年
456,直播人類
457,巴士公司
458,盟旗制
459,臺南州
460,腓力二世
461,南緯
462,一次大戰
463,大滿貫男子單打比賽
464,中華人民共和國
465,保守派
466,昇陽電腦公司
467,《全唐詩》
468,1912年
469,1982年
470,七年
471,荷蘭共和國
472,貝爾實驗室
473,梁朝偉
474,吳三連
475,1917年
476,米勒
477,1月8日
478,掃雷艇部隊
479,哈丹於遼東高麗一帶游擊
480,
481,民國3年
482,德意志民主共和國境內的電視台和廣播電台
483,波你尼
484,民族大融合
485,線傳飛控
486,光明星4號」衛星
487,烏孜別克人
488,2555公里
489,國共內戰，又稱國共戰爭
490,[UNK][UNK]
491,茲維亞德·加姆薩胡爾季阿
492,路面電車
493,反艦導彈
494,荀子
495,明清兩朝的武官官職軍階名稱，實施期間約為14世紀末至20世紀初。該名稱於明朝為武職虛銜差遣，由勳爵兼任，公侯超品；相對文官虛銜為總督，為部堂官的差遣。清朝
496,1935年
497,大台北都會區，兩城市交流密切。「雙北合作交流平台
498,上天
499,中國政法大學
500,瓜拿納
501,二戰時期
502,水冰
503,
504,民國4年
505,馬麗娜·甘巴
506,1992年
507,政治主張經興
508,呂訥堡石楠草原南部的貝爾根
509,太白
510,靖難之役
511,財富
512,低稅賦
513,小選舉區制
514,科索沃
515,抗議活動
516,自由放任
517,生化武器
518,四年
519,段祺瑞
520,喬治麥高文參選，麥高文以他鮮明的反戰立場為號召，主張立即從越南撤軍，並保障所有美國人的最低收入。麥高文試圖對抗尼克森
521,副熱帶季風氣候區
522,1902年
523,振幅最大點
524,向海
525,籃子貨幣
526,小型雷達測距儀
527,2002年
528,天然氣
529,軍事冒險主義
530,學習
531,整理遺產
532,雄性
533,經濟建設
534,《實業部組織法》
535,鮮蝦腸粉
536,殖民政策
537,帕吉勒提河
538,西南美麗的地方
539,「天
540,開羅
541,1932年
542,榮茂
543,1955年
544,紐約市和墨西哥城後第三大市營公交系統。運輸局
545,公元前一世紀
546,柵欄
547,1898年
548,法國民意
549,保羅•狄拉克
550,太武帝
551,健康寫實電影
552,1956年7月
553,矮星
554,古生代晚期的大陸位置相當不明確，而科學家已能大致推算出中生代的各大陸位置。在中生代
555,伊爾庫茨克國立大學
556,泰赤烏
557,
558,1789年
559,兩個
560,臺灣省臺北市
561,日占時期
562,藝聲
563,馬[UNK]兼任首任局長，中共中央紀委常委屈萬祥
564,總兵官
565,阿普列尤斯
566,哈大客運專線
567,漢魏故城
568,自然科學
569,反文化運動
570,英國
571,李嵩
572,轟炸機
573,小型雷達測距儀
574,義大利
575,東部
576,延髓的耳蝸核
577,刺史
578,18個
579,至元二十九年
580,自由派
581,朝鮮半島中部的鐵嶺和慈悲嶺一帶，北到西伯利亞
582,陶瓷
583,1980年代
584,阿爾薩斯
585,密西西比文化農業
586,1918年
587,
588,9年
589,玫瑰盃[UNK]
590,1941年2月1日
591,101公里
592,國務院常務會議
593,20倍
594,喬治亞共和國
595,1943年
596,加強納戈爾諾-卡拉巴赫自治權
597,阿普伽
598,聯邦制
599,韓國
600,有民權運動
601,希臘軍事獨裁者
602,瀕危物種
603,越戰
604,公民權
605,大力宣傳提倡智慧地使用冷氣
606,極端大陸性氣候
607,金華
608,1928年
609,定向天線
610,霍布斯
611,1897年
612,東莞縣
613,南漢宸為主任的中國人民銀行籌備處
614,市場分析
615,滬寧鐵路
616,2005年
617,家庭喜劇片
618,同性婚姻
619,婦女
620,
621,
622,史彌遠
623,自由民主黨
624,傳播色情
625,電穿孔細胞
626,大連
627,第五區
628,最古老的活躍軍事單位
629,1982年
630,漢武帝
631,東地區
632,譴責外蒙古企圖分裂中華民國
633,義大利
634,西方文明
635,東晉常[UNK]
636,1936年
637,預言
638,非商用
639,五桂山
640,
641,嘉義市
642,製造業
643,29個
644,
645,10月23日
646,人傳
647,漢字詞
648,第二次世界大戰
649,5000噸級
650,威尼斯
651,2015年年底
652,古漢語
653,22年
654,阿列克修斯·杜卡斯
655,霍諾里烏斯
656,喜馬拉雅山脈
657,1937年
658,1964年
659,世宗大王
660,油氣開發
661,外太空
662,明孝宗
663,阿圖什地方
664,第一區
665,
666,照射紫外線
667,九一八事變
668,春秋
669,史前人類宗教信仰和習俗的總稱。更具體的，包括舊石器時代、中石器時代、新石器時代和青銅時代的宗教。西方殖民主義
670,閩江口
671,1899年
672,牟定縣
673,尼布楚條約
674,中央窩
675,君士坦丁·波菲洛格尼圖斯
676,「殖民主義
677,代達爾豪斯
678,6萬平方千米
679,2000公厘
680,調動人民勞動的積極性
681,約翰•布瑞肯里奇
682,赤城鎮政府街1號
683,纖維心包
684,羅非魚
685,潘普洛納
686,法國阿爾卑斯山礦泉
687,1848年
688,臺灣府志
689,帕拉蒂
690,第265任
691,一盤中戰至6比6
692,39年
693,錯誤印刷
694,傑伊條約
695,超新星
696,全斗煥
697,2007年
698,[UNK]公開賽
699,索馬利亞政府司法系統
700,382年
701,軍隊編制問題
702,劉銘傳
703,韓國
704,過境時辦理簡單的手續，西方遊客需支付5西德馬克的簽證費用，而西柏林居民則是免費的。然而東德政府可以毫無理由地拒絕任何入境申請。在1980年代
705,梁朝偉
706,1923年
707,畢達哥拉斯
708,2014年
709,湘西土家族苗族自治州
710,劉表
711,中果咖啡低。咖啡也含有痕量的茶鹼
712,東晉
713,李定國
714,大台北都會區
715,醫學領域
716,《新基本法令》
717,1962年
718,洪武三十一年
719,越南
720,奧匈帝國
721,
722,白矮星
723,咖啡因
724,司馬元顯下令討伐荊州刺史桓玄，並以劉牢之為前鋒。桓玄率軍兵臨建康時，劉裕請求進攻，但劉牢之不肯，反而想叛歸桓玄。劉裕當時與何無忌極力諫止但都無效，劉牢之終向桓玄請降，桓玄亦順利消滅司馬元顯
725,階梯狀
726,漳州人
727,6個小時
728,1853年
729,良好行為
730,
731,90年代
732,金正恩
733,第5
734,威廉·莫里斯
735,西班牙瓦倫西亞
736,1787年
737,王保保
738,復仇之名
739,1898年
740,守舊派
741,中華人民共和國
742,端敬王后
743,中生代
744,約瑟普•布羅茲•狄托
745,中國共產黨
746,從未修改國會選區
747,抑制人口增加而實行的計劃生育
748,蘇聯遠東軍
749,中華人民共和國國務院
750,維多利中心
751,恆星
752,
753,推行反共政策
754,
755,日本
756,分子雲內部
757,鮮卑部落
758,鮑德溫伯爵
759,1916年
760,1939年
761,東三省陸軍講武堂
762,巴黎條約
763,1970年
764,麥迪遜分校
765,乾燥
766,麻赫穆德·喀什噶里
767,奢侈品
768,資格賽
769,周駿龍，又名攀龍，字雲門，後改名起魁，在清咸豐年間跟隨二哥周昂駿北上淮安，隨館學幕，並在此定居。生父周劭綱，生母萬氏
770,民國16年
771,公元前三世紀
772,三監之亂
773,周恩來
774,馬略
775,至元十三年
776,
777,1970年代
778,圖西族
779,聖餐持紀念說
780,自殺罪
781,《三國志》
782,木星
783,長沙太守
784,凝固
785,2002年
786,上海
787,比利時
788,濃硫酸
789,
790,兄弟國的盟約
791,2010年
792,
793,1979年
794,義大利
795,農業
796,卡拉恰伊湖
797,趙昀
798,東羅馬帝國
799,南京市
800,共和黨
801,皇龍寺
802,二戰
803,1976年
804,上海
805,1949年
806,
807,群婚轉向對偶婚
808,1946年
809,礦產資源
810,宣宗末年
811,1986年
812,隆武帝
813,第一次世界大戰
814,孫叔敖
815,托爾金
816,雙汗制
817,第265任
818,半軍事管制
819,原中華全國體育協進會
820,外在的因素造成光度的變化，像是食雙星，還有極端的情形是由恆星自轉
821,
822,1956年
823,《產假和保護婦女兒童權利法》
824,投資環境轉差
825,太平洋艦隊潛艇部隊
826,韓國史書，公元前37年，扶餘王子朱蒙因與其他王子不和，逃離夫餘國
827,人民頻繁的遷移
828,四世紀
829,網際網路版權問題的存在，往往被禁止的作品可以在網上免費收看。對於境外節目，當局有一套嚴密的制度用以保證阻止國外的「不良內容」進入，對境外落地的信號實施地面頻道干擾
830,
831,英國
832,1927年
833,南陳
834,
835,西區門戶計畫」、捷運機場線等國際工程實施
836,相約成俗
837,1940年
838,妖怪學
839,1987年
840,[UNK][UNK]
841,松溪河、清漳河、濁漳河；西部主要有瀟河、烏馬河、昌源河、惠濟河、龍鳳河、靜升河。汾河
842,漢卿
843,張學良
844,陳平順
845,主序帶
846,厄德
847,整個站體都位於天橋上的車站
848,2007年
849,外蒙古等五國申請加入聯合國
850,金石並用時代
851,足利義昭
852,朝鮮白頭山
853,蘇維埃當局
854,2014年
855,羅馬帝國
856,重力
857,路加是希臘人
858,生物演化
859,1988年
860,韓國
861,祖沖之
862,圖西族
863,查爾斯•埃卓恩•拉迪斯拉斯•狄拉克
864,阿瓦魯阿
865,廉興
866,基因特質
867,印地語
868,貝拉明
869,康熙帝
870,農民
871,第二產程
872,民國43年
873,學科專業
874,中國科學技術大學校長管惟炎、中國科學技術大學副校長
875,咖啡因
876,
877,金正日
878,一日生活圈
879,美西戰爭
880,尊漢思想
881,蒂羅爾
882,伊俄」
883,連鎖體系、24小時營業、面積小、開架式販售等特質。密度為平均每2300人
884,「1910年革命
885,犬戎滅，所以曾協助周平王把首都遷到洛邑
886,馬可波羅
887,杜慧度
888,憲政改革
889,英國
890,斯塔福德郡
891,義熙十四年
892,劉少奇
893,2002年
894,
895,草木或者動物等改變成為的精怪
896,東德使館
897,波蘭
898,德國統一
899,黑洞。聯星和多星系統
900,顯微注射
901,馬可波羅
902,新羅馬
903,上海鐵路局
904,離岸人民幣
905,《倫敦條約》
906,第四次迦太基大會
907,
908,恆星風
909,溫尼伯分基地
910,北緯46度58分至47度52分，東經126度
911,1950年代
912,文藝復興運動
913,性犯罪
914,文藝復興式
915,漢高祖建立西漢
916,1590年
917,德國統一
918,
919,柏林國際廣播電台
920,望遠鏡
921,1584年
922,都水監
923,丹尼爾·邁耶
924,內容和形式上，都嚴肅地出現
925,2000年
926,一個
927,1月1日
928,1884年
929,
930,黑龍江工業門類以重工業為主，是中國重要的機械、石油、煤炭、木材和食品工業基地；哈爾濱、齊齊哈爾、大慶是主要的工業中心，大慶油田
931,私立大學
932,歐登堡的邦立圖書館
933,華僑的聚集所在
934,李[UNK]
935,林紹良
936,汪大淵
937,英語
938,[UNK]稻
939,宋真宗
940,120%
941,茂文·李洛埃
942,9月
943,可汗朝
944,唐德剛
945,路易十四
946,韓國
947,0.07個
948,閩南人
949,民國28年
950,李煥之
951,公共汽車
952,
953,石排灣
954,正教
955,八角鼓
956,歐洲鋼鐵產量會下降
957,文化大革命
958,1642年
959,徐載弼
960,蒙哥
961,德魯修斯
962,芝加哥大學，簡稱芝大，位於美國伊利諾州芝加哥，是世界著名私立研究型大學，常年位列各大學排行榜世界前十。芝加哥大學
963,船業
964,噴射發動機
965,紐格威森林
966,2012年
967,斐迪南·德·雷賽布
968,戴克里先
969,166年
970,科學
971,市場經濟
972,1963年
973,亞歷山大六世
974,1789年
975,周恩來
976,20世紀60年代到70年代初
977,1958年
978,西晉
979,涵元門
980,趙翼
981,漢文
982,12次
983,科學社會學
984,1138公頃
985,《中華人民共和國村民委員會組織法》
986,荷蘭
987,聯合國專家
988,唯一一位自導、自演的都能奪金像獎的一位演員，成功奪得影帝最佳男主角寶座
989,內陸地區
990,政府官方的反對派
991,白[UNK]紀滅絕事件
992,毒品
993,異端邪說
994,1252年
995,元朝
996,1932年
997,1972年
998,鐵製蒸汽船
999,馬麗娜·甘巴
1000,環境保護主義
1001,詹姆士·麥迪遜
1002,1946年
1003,蘇聯紅軍
1004,柏卡牌相機
1005,1991年的大選
1006,甘迺迪政府學院
1007,矮星
1008,修道主義
1009,1999年
1010,亞歷山大漢密爾頓
1011,中國
1012,1960年
1013,
1014,
1015,預付
1016,北京市
1017,100萬到1兆倍
1018,發動機
1019,匈奴
1020,9月2日
1021,世爵制度
1022,增強基因靶向，工程化核酸酶
1023,伊薩克二世
1024,馬克西米安
1025,外部刺激
1026,麥克阿瑟
1027,
1028,武漢行營副主任
1029,躲避戰亂
1030,江東朝貢十多次，史書記載有五位倭王，是為倭五王；百濟在劉宋後期與江東的關係更形緊密，似乎結成軍事同盟，共抗北魏。因為469年北魏
1031,16倍
1032,狄拉克
1033,落實外交政策
1034,1823年
1035,漢字詞
1036,三人團
1037,
1038,166年
1039,荀子
1040,集團軍
1041,半日制學堂
1042,網際網路版權問題
1043,愷撒
1044,韓語
1045,倫敦
1046,佛教
1047,烏爾蘇拉
1048,1964年
1049,南方超大陸岡瓦那大陸
1050,儘快統一
1051,挪威
1052,南北戰爭
1053,馬西米連諾遇害，另一件事是?[SEP]1865年，美國內戰結束，聯邦取勝。美國政府作出實際行動，支持反抗軍，除了向他們提供武器之外，美國政府還派遣戰艦到墨西哥海域設立封鎖線，以防法國駐軍得到支援。持續不斷的游擊戰
1054,南華縣
1055,英國
1056,李紳
1057,路面電車
1058,四帝共治制
1059,
1060,1939年
1061,唐軍攻陷高句麗長安城後，唐史學家
1062,劉表
1063,慶元
1064,軍事委員會北平分會副委員長
1065,英美法系
1066,石油危機
1067,秦朝與漢朝
1068,奧斯陸峽灣
1069,1920年
1070,硫代硫酸氨
1071,《金雲翹傳》
1072,89萬人
1073,
1074,1627年
1075,區域性污染
1076,西班牙維京群島合稱為維京群島。英屬維京群島
1077,唐生智
1078,夏季
1079,臺灣新北地方法院
1080,戴克里先
1081,6世紀
1082,24所
1083,甘肅省
1084,決勝局
1085,
1086,耶穌會
1087,一個
1088,破四舊」
1089,三次
1090,為了獲得大寧地區的駐牧權
1091,梵語
1092,張學良
1093,
1094,雲南省第二殖邊督辦公署
1095,明清兩朝
1096,1968年
1097,各國海軍
1098,1932年
1099,吉田定房
1100,世稱恭順
1101,河川
1102,抗日戰爭
1103,財產資格限制
1104,
1105,汗位取得不合法
1106,奧東·德拉羅什
1107,灣仔北」發展區
1108,帕塔普斯科河
1109,1945年
1110,義熙十一年
1111,政府資助研究項目
1112,芬蘭的赫爾辛基
1113,《紅番區》
1114,羅馬帝國
1115,1801年
1116,辛亥革命
1117,邱行湘
1118,合會朱陸
1119,幾個
1120,阿拉伯半島
1121,
1122,香港
1123,君主
1124,天下人
1125,日本
1126,提姆·柏內茲李
1127,朱序
1128,價水平上漲
1129,教育產業化
1130,1992年與大韓民國建交
1131,康拉德·阿登納
1132,東北亞
1133,聖奧古斯丁
1134,公元185年
1135,弱勢群體
1136,大正天皇
1137,天使路為少年班學院樓前的道路，因種植路旁的國槐上棲息大量灰喜鵲，行人至此常常「中彈」而得名，因避俗而用諧音字命名該道路為「天使」路。與該路交叉的位於第一教學樓後側的「勤奮路
1138,
1139,義輝
1140,美國總統選舉
1141,中華人民共和國衛生部
1142,印度教巴克提派
1143,斯拉夫人
1144,第4
1145,聯邦制
1146,1799年
1147,英國
1148,蘇黎世州
1149,洪武三十一年
1150,德國
1151,1909年
1152,民國36年
1153,50元
1154,新臺灣人服務團隊」分散了泛國民黨支持者的票源，最終由民進黨的陳水扁、呂秀蓮以2.5%的勝差比例當選中華民國第十任正、副總統
1155,2次
1156,秧苗
1157,南卡羅來納州
1158,劉少奇
1159,卡加梅
1160,知名
1161,天城體
1162,[UNK]
1163,財務報表
1164,自然
1165,海軍中尉
1166,德川家康
1167,空對地飛彈
1168,1836年
1169,農業省敘利亞
1170,上海
1171,德里克·羅勃茲
1172,伊斯蘭教
1173,地球生態系統服務對人們的恩典
1174,哥廷根亨德爾國際音樂節
1175,滬昆高速公路
1176,第二產程
1177,法國
1178,歐幾里得
1179,本頓
1180,通州張家灣
1181,青春勵志片
1182,《血盟救國軍軍歌》
1183,廣州
1184,聽診器
1185,試圖在保守派和自由派之間取得平衡
1186,唯泰主義
1187,印度到雲南一帶。自從1970年代
1188,《海峽兩岸服務貿易協議
1189,阿速特部
1190,自由主義
1191,1874年
1192,聲音
1193,日式西點
1194,李克強
1195,河東道
1196,語言。這些因素使得關於全球資訊網讓地球融為地球村的觀點受到挑戰。隨著大量的免費網路首頁伺服器
1197,米利都
1198,自然環境
1199,韓國
1200,國共合作
1201,63個
1202,46公里
1203,公元第二世紀
1204,佛羅倫斯聖十字大殿
1205,八千多年前
1206,廈門市
1207,1889年
1208,五胡十六國
1209,發展局
1210,極端稀薄
1211,北京電視台
1212,[UNK]州縣
1213,十月革命
1214,德國空軍在二次世界大戰展開之際是站在領先各國的地位上，而英國
1215,美國大學協會
1216,義務教育
1217,郭松齡
1218,開京
1219,美國大蕭條時期
1220,為了解決元成宗時期的財政危機
1221,伊薩克
1222,明文
1223,蔣介石
1224,全印穆斯林聯盟
1225,通古斯人壓力
1226,喇嘛教
1227,鎌倉時代
1228,光球層
1229,建設中國特色社會主義
1230,劉裕
1231,阿里烏教派
1232,鮑德溫伯爵
1233,佛教
1234,中世紀
1235,東正教
1236,臺灣民主政治第二次政黨輪替。2009年8月，莫拉克颱風侵襲臺灣而發生嚴重水災，使中南部與東部蒙受巨大損失。同年7月16日至26日，於高雄市舉辦「2009年世界運動會」；臺北市
1237,鄧小平
1238,米洛舍維奇政權倒塌，溫和派領導人科什圖尼察上台。南斯拉夫聯盟隨即重新加入聯合國
1239,武陵
1240,殺蟲
1241,法國大革命
1242,自由韓國黨
1243,改革安理會否決權
1244,二十世紀
1245,積極進攻
1246,加拿大
1247,1898年
1248,「義大利汽車之都
1249,
1250,
1251,提供鐵路列車動力
1252,聖喬治拉丁文學校
1253,23年
1254,1948年12月1日
1255,武宗系
1256,修改土地稅法
1257,魏博拉盧比民達行業工會
1258,文章奧府
1259,不考慮
1260,尚吉巴
1261,瓊州海峽
1262,安德魯約翰遜
1263,普林斯頓大學
1264,6世紀
1265,釣魚台國賓館
1266,伊達政宗
1267,發展出來
1268,民國15年
1269,中銀監
1270,希洛克勒斯
1271,約翰·莫根
1272,臺灣
1273,第二代
1274,日美神奈川條約
1275,北京市
1276,晶體狀態
1277,哈利里德
1278,低可偵測性
1279,柏拉圖
1280,波蘭人
1281,六四事件而大受衝擊，1990年發生了907事件，1994年千島湖事件
1282,失敗
1283,[UNK][UNK]的腳踏車狂熱份子[UNK][UNK]，建議[UNK]將這類型的改良式
1284,《那一夜，我們說相聲》
1285,二人
1286,1880年
1287,官方出版物
1288,八月
1289,唐納德·赫布
1290,廣州話
1291,威爾特·張伯倫。張伯倫
1292,粳稻
1293,挪威
1294,1800個
1295,中國郵政集團公司
1296,清朝沒有誠意
1297,我們是一個民族！」
1298,尼古拉·奧斯特洛夫斯基
1299,福島縣會津地區
1300,1913年
1301,土地撥贈法案
1302,德魯修斯
1303,洛杉磯快艇
1304,天花病
1305,牡丹峰樂團
1306,印度
1307,3座
1308,周敦頤
1309,海因利希・弗格勒
1310,朱利烏斯·凱撒
1311,「豫」
1312,1919年
1313,海拔1000米
1314,亞歷山大·羅德
1315,排灣族
1316,牛津大學
1317,普選制度
1318,世宗大王
1319,2015年
1320,1969年
1321,民主黨
1322,水田
1323,過去之一綱一本
1324,488年
1325,病態賭徒
1326,全國人民代表大會
1327,外太空
1328,黃庭堅
1329,雅爾達協定
1330,奧地利
1331,1913年
1332,東南亞
1333,鐵
1334,拿破崙
1335,廣東省
1336,[UNK]
1337,羅馬法
1338,心理學
1339,希臘
1340,拉丁字母
1341,《[UNK][UNK]條約》
1342,詹姆斯·史都華
1343,主權
1344,24英吋克拉克望遠鏡
1345,生物質
1346,秘書處
1347,就地掩埋稻草，除不會製造空氣汙染
1348,66種
1349,類比訊號
1350,印度
1351,錐細胞
1352,人口眾多
1353,威廉二世
1354,遵義會議
1355,《我於青春無悔》
1356,君士坦丁大帝
1357,美國國家草地網球聯盟
1358,8月26日
1359,阿爾法版本
1360,李景隆
1361,外交手段
1362,1887年
1363,2008年歐洲足球錦標賽是第十三屆歐洲國家盃，於2008年
1364,畢達哥拉斯
1365,2010年
1366,1918年
1367,阿普伽新生兒
1368,
1369,被明朝擊退
1370,大韓帝國
1371,2012年
1372,生物動力學
1373,印度洋暖濕氣流
1374,太白山脈
1375,孫寶琦
1376,上限
1377,民國十八年至二十六年間
1378,太白山脈
1379,一萬兌一比率
1380,10名
1381,東北停戰協定
1382,1996年
1383,1985年
1384,公元前1世紀
1385,顯示自己的獨立自主
1386,公元前三世紀
1387,
1388,1971年
1389,1997年
1390,牛津大學默頓學院
1391,庭園營造大師，曾設計明治神宮內外苑。張學良所住的是球場南側的軍官俱樂部屋，為一棟兩樓層日式建築，因為外牆是白色被稱為「小白宮
1392,越南
1393,1914年
1394,濱井信三倡議，廣島市獲日本議會宣告為「和平都市」。所以，廣島市越來越受國際注視
1395,2300多種
1396,能夠當做燃料
1397,女性
1398,40倍
1399,1953年
1400,白色
1401,1856年
1402,鳳伽異
1403,反革命事件
1404,王光美
1405,理察·科伯恩·麥克勞林
1406,西德
1407,1624年
1408,45％
1409,江青
1410,奈及利亞
1411,亞洲
1412,1979年
1413,0.4太陽質量
1414,農田
1415,人文風情
1416,2013年
1417,1973年
1418,英國在印度的統治，成為了大英帝國在印度過去數十年的統治下，社會政治政策將矛盾在1857年激化到頂點。這次起義以前，英國殖民當局曾平息了多次騷亂和部落衝突
1419,中國江蘇淮安，祖籍浙江紹興。中國共產黨及中華人民共和國主要黨和國家領導人之一，中國人民解放軍創始人之一，中國無產階級革命家、政治家、軍事家、外交家。周恩來畢業於南開中學，早年短期留學日本明治大學
1420,科學家
1421,10萬人
1422,元成宗到元惠宗
1423,抗佝[UNK]病
1424,馬來-玻里尼西亞語族
1425,
1426,哈雷彗星
1427,控制意識型態
1428,拉丁文
1429,元代
1430,43人
1431,限制性消化
1432,司馬元顯
1433,麻豆
1434,三層神經細胞和兩層
1435,麻赫穆德·喀什噶里
1436,中國共產黨
1437,療養地點
1438,1994年12月1日
1439,最高榮譽大獎
1440,錫克教
1441,1986年
1442,開拓史》
1443,百越族
1444,省級公園
1445,哈利里德
1446,伊斯蘭文化
1447,徐樹錚
1448,太祖
1449,網球場宣言
1450,阿內加達島
1451,雷達吸波收材料
1452,外國不可能介入內戰
1453,南朝鮮
1454,關島原住民
1455,僱傭保險
1456,日本
1457,大學
1458,九龍灣
1459,衡陽鐵路管理局
1460,佛教
1461,陳朝
1462,阿克爾自治市
1463,有色人種
1464,約瑟普•布羅茲•狄托
1465,漢諾威
1466,中央電視台高清綜合頻道
1467,劉備則攻下了荊州南部的長沙、桂陽、武陵、零陵四郡。後孫權將南郡借給劉備。同時在建安十五年，孫權取得了交州。在劉備取蜀之後，孫權謀求奪取荊州
1468,蘇蒙修好條約》
1469,史學
1470,心室底壁組織
1471,1662年南明延平郡王鄭成功領兵渡海打敗荷蘭東印度公司軍隊起，經鄭氏三代統治南臺灣至1683年降清為止，統治時間前後共22年。以反清復明為志的鄭成功
1472,
1473,第二產業
1474,俄羅斯
1475,杜登
1476,[UNK]總能量
1477,放棄了計劃經濟而提出了「社會主義市場經濟
1478,曹議金
1479,新幾內亞
1480,正德十一年
1481,段思平
1482,奧地利
1483,喜馬拉雅山
1484,莫萊-明托改革
1485,沙俄軍隊
1486,200萬立方公尺
1487,黑龍江
1488,1992年
1489,維多利中心
1490,
1491,蔣中正
1492,大和國
1493,佛教
1494,頻率理論難以解釋人而對聲音頻率的分析
1495,無性生殖
1496,
1497,為免兩國爆發戰爭
1498,巴塞隆納奧運
1499,細毛
1500,阿拉巴馬州
1501,猴祭
1502,戰鬥機
1503,
1504,客車整備
1505,1980年
1506,1967年
1507,納戈爾諾-卡拉巴赫自治權
1508,產生後代時，可以篩選基因的存在。來自第一代的所有後代對於插入的基因將是雜合的，並且必須交配在一起以產生純合動物。進一步的測試使用[UNK]，南方墨點法
1509,路易斯一世
1510,時代》
1511,極權主義
1512,斯特-立陶夫斯克條約》
1513,路易·勒沃
1514,美國
1515,巡航
1516,恩域塔球場。初期的曼諾球場只是一片草地，直至1893年9月，阿森納首次踢聯賽時，便增加了看台和座位。除了1894-95賽季外，他們在曼諾球場
1517,東吳
1518,愛德華一世
1519,沒有花瓣，也很難看到雄蕊雌蕊，它們都由稻花的內外穎保護著。稻在自體授粉
1520,民國二年
1521,想取快錢
1522,獻縣張莊
1523,蓋茲
1524,陸秀夫
1525,福建人，佔40%，香港的主體為廣東人
1526,東歐社會主義國家經濟衰退、民族主義復活與東歐劇變，南斯拉夫各民族之間的矛盾逐漸激化。民族間的不和及分裂，伴隨著暴力的排斥其他民族的行為逐漸升級。在此之後，南斯拉夫聯邦走向解體。從南斯拉夫獨立出來的新國家之間因民族問題產生了一系列的暴力衝突，並發展為南斯拉夫內戰
1527,《塘沽協定》
1528,烏蘭烏德
1529,1897年
1530,巴拉克·歐巴馬
1531,2008年1月27日
1532,生活空間的不足
1533,決策局
1534,杭州[UNK]橋機場
1535,阿拉里克
1536,建議
1537,
1538,國家歷史文化名城
1539,衛奕信
1540,非歐幾里得幾何
1541,2009年
1542,文峰塔
1543,忽必烈
1544,保靖縣，東臨吉首市，南界鳳凰縣，西部和重慶秀山土家族苗族自治縣、貴州松桃苗族自治縣相連。2004年花垣縣
1545,
1546,惠金斯原理
1547,松花江
1548,工大學
1549,美國國會兩院之一，另一院為參議院。美國各州在眾議院中擁有的席位比例以人口為基準，但至少會有一名議員。院內議員總數經法律明定為435名。眾議員任期兩年
1550,2010年
1551,推行漢法以維護其典章制度
1552,
1553,許蘭亭
1554,烏里雅蘇臺將軍
1555,聖西門主義
1556,日治時期
1557,蔡[UNK]
1558,德國
1559,《刑部大理寺狀》
1560,新南威爾斯州
1561,太陽運動
1562,聖方濟·沙勿略
1563,羅馬共和國時期
1564,細毛
1565,韓國
1566,錫克廟
1567,圖西族
1568,最後一次
1569,五個
1570,張三祿
1571,15世紀
1572,電影的舞台劇
1573,孫堅
1574,高血壓
1575,劉裕
1576,中國郵政「政企分開、郵儲分離、完善機制」的體制改革方案
1577,保護環境
1578,城市物質形態
1579,環境保護主義
1580,773年
1581,懷柔區
1582,七間
1583,民間反應不佳
1584,光緒十年
1585,中國大陸
1586,希臘語
1587,奧地利
1588,自動去極化過程
1589,加拿大
1590,七個
1591,安定
1592,奧地利
1593,乾旱
1594,愷撒
1595,新北市
1596,甲午戰爭
1597,普羅蒂奇辭職，中立的米倫科·韋斯尼奇接任
1598,1910年
1599,捷克語
1600,1935年
1601,《英華字典》
1602,8.6%
1603,袁晁
1604,巴西
1605,歐洲聯盟委員會
1606,天壇建築
1607,日本再次計劃
1608,加加林
1609,七年戰爭
1610,
1611,咖啡因中毒
1612,國民政府
1613,漢江
1614,有毒
1615,狄托主義
1616,財務部
1617,1995年
1618,射擊斷續器
1619,5位
1620,芽孢炭疽桿菌
1621,1945年
1622,北宋
1623,《風雲人物》
1624,56%
1625,果敢
1626,英國
1627,耶穌會
1628,二戰
1629,鐵鉉
1630,夏曼
1631,《義勇軍進行曲
1632,蓄奴州
1633,卡洛·埃馬努埃萊一世
1634,郭沫若
1635,遊牧民族
1636,先來後到的土地分配衝突
1637,分子雲
1638,貝加爾湖
1639,厄德
1640,
1641,儒教興盛
1642,巴夏禮拒收
1643,克里斯蒂安四世
1644,
1645,哈大客運專線
1646,亞熱帶常綠闊葉林，主要植物有山茶
1647,1947年
1648,德意志邦聯
1649,奧東·德拉羅什
1650,約翰·莫根
1651,耐腐蝕性
1652,咸豐二年
1653,咖啡因
1654,
1655,1972年
1656,怯薛
1657,汪精衛
1658,體育部
1659,單斜棱晶體
1660,齊燮元聯合江西和福建進攻皖系的盧永祥。10月戰爭結束後直系
1661,水牛城勇士
1662,孫中山
1663,七月初六
1664,賽丁泉天文台
1665,殖民政策
1666,
1667,
1668,16世紀
1669,潮濕
1670,配子
1671,胡安娜
1672,王平陵，民革的中央常委許聞天，歷史學家、文學家繆[UNK]，銅版畫家陳曉南
1673,佩德納萊斯河，德克薩斯州石牆郡
1674,皖系
1675,楚州人
1676,1964年
1677,1967年
1678,主人
1679,哲布尊丹巴
1680,劉毅
1681,將原「布政司署
1682,南卡羅來納州在1861年
1683,3月19日
1684,喃字
1685,安托萬·拉瓦錫
1686,伊斯蘭教
1687,壓力梯度
1688,周文公
1689,人民議院
1690,重要的財源
1691,盧安達法郎。截至2014年4月17日，盧安達法郎對美元的匯率為每680.48盧安達法郎
1692,皖浙贛獨立團
1693,德川家康
1694,經濟蕭條
1695,世族
1696,1853年
1697,東南亞
1698,民國34年
1699,1270年
1700,動力系統
1701,三個
1702,中山市
1703,蒙古帝國
1704,漢武帝
1705,江河級驅逐艦
1706,2017年
1707,21473平方公里
1708,傳教士
1709,大火
1710,世界氣象組織
1711,羅馬帝國位於歐亞大陸
1712,海河流域
1713,旭烈兀
1714,洋馬兒
1715,中國溧陽茶葉節
1716,全市綠化比例高
1717,收到十二道金牌班師回朝
1718,澳大利亞
1719,漢地
1720,民國三十六年
1721,7980年
1722,1962年
1723,青島海軍基地
1724,姑臧
1725,綠色窗口是日本各[UNK]鐵路公司
1726,烏蘭巴托
1727,維斯瓦河-奧得河攻勢
1728,西方遊客
1729,視網膜神經節細胞
1730,黎元洪
1731,迪群股份有限公司
1732,中華民國台灣
1733,第二次世界大戰
1734,1961年
1735,白光
1736,陳誠
1737,1966年
1738,奈特·麥克米蘭
1739,無佛像時代
1740,1977年
1741,白色
1742,自由聯合關係
1743,
1744,英國
1745,暫住證制度
1746,《劃一現行各道地方行政官廳組織令
1747,高朱蒙是在古朝鮮部落句麗的基礎上發展起來，於公元前27年建立朝鮮歷史上第一個封建主義國家。在主體史學中，高句麗為朝鮮的第二個國家主體
1748,第二次世界大戰
1749,蒸汽膨脹
1750,隋[UNK]帝
1751,副熱帶季風氣候區
1752,日本
1753,美國心臟學會
1754,大英帝國
1755,波你尼的《八篇書》
1756,英法
1757,阿爾薩斯-洛林
1758,路易十四
1759,合作派
1760,思覺失調症
1761,倫敦煙霧事件
1762,10個
1763,1990年代
1764,麻赫穆德·喀什噶里
1765,24%
1766,韓國佛教藝術風格深受中國影響。這個時期的佛教藝術得到國家資助而發展蓬勃，石窟庵與佛國寺就是最好的證明。高麗國
1767,後現代主義
1768,1828年
1769,布里昂·維伯成為了用戶網適度維基的釋出經理及其最活躍的開發者
1770,大會
1771,西安招待所
1772,公元前12年
1773,湯瑪斯傑佛遜
1774,安太歲習俗
1775,郵值標籤
1776,席哈克略皇帝
1777,1989年
1778,宙斯
1779,農耕節
1780,俄國革命
1781,德軍主力集中在東方戰線，發動香巴尼和阿杜瓦兩輪攻勢
1782,石勒
1783,
1784,敵我矛盾
1785,已知的現生種和已滅絕動物
1786,愷撒
1787,10
1788,會稽虞氏
1789,英國
1790,伽利略衛星中最靠近木星
1791,
1792,1993年
1793,外蒙古
1794,張聞天
1795,不再建立便宜
1796,法家
1797,五個
1798,通古斯地區過於偏遠
1799,安大略湖
1800,羅非魚
1801,世宗大王
1802,劉駿
1803,瑞詩凱詩結束峽谷河段
1804,浮動
1805,英國
1806,詹姆斯·史都華
1807,所有制社會主義改造
1808,
1809,法國
1810,1928年
1811,5個
1812,三原色的光：紅色、藍色和綠色按一定比例混合得到白光。光譜中所有可見光的混合
1813,曼哈頓
1814,清咸豐年間
1815,
1816,外省人
1817,北海道
1818,甲醇
1819,太祖王
1820,牛隻列印問題
1821,英國
1822,合作派
1823,中華人民共和國
1824,1591年
1825,1941年
1826,奧斯卡·赫特維希的數份有關海膽卵細胞受精作用的研究顯示，精子的細胞核會進到卵子的內部，並與卵子細胞核融合。首度闡釋了生物個體由單一有核細胞
1827,蒸汽膨脹
1828,發生十月革命
1829,俄羅斯
1830,為了維護毛的權威，仍然參與到以空前的高調呼籲對毛的個人崇拜
1831,板橋地方法院
1832,1943年
1833,多倫多市西臨密西沙加市，北鄰旺市和萬錦，東接皮克靈市。多倫多市
1834,拉丁文
1835,超過9倍太陽質量的大質量恆星會膨脹
1836,愛倫·坡
1837,無味無臭的非金屬，純的硫是黃色的晶體
1838,資產負債表
1839,德川家康
1840,日本
1841,矮星
1842,舉行網路投票
1843,南·韓國
1844,1789年
1845,哥廷根亨德爾國際音樂節
1846,泰勒斯
1847,32.8%
1848,斯特-立陶夫斯克條約
1849,鮑羅廷
1850,杜林
1851,金合歡
1852,13倍
1853,黃埔軍校
1854,《大唐三藏取經詩話》
1855,1932年
1856,1920年現代主義嶄露頭角
1857,雲南
1858,中國明清兩朝
1859,
1860,儒字
1861,曼努埃爾一世
1862,
1863,馬克思主義的興起引致俄國
1864,成熟階段
1865,求其放心
1866,波你尼
1867,1950年代
1868,羅伯特·波義耳
1869,湯·韋迪加
1870,托木斯克州
1871,傑弗里·德維爾阿杜安
1872,軍用航太；執行科學研究、經濟開發、工業生產等民用任務的航太活動，稱為民用航太；執行商業合同任務
1873,11.5萬人
1874,東亞一夫一妻多妾制
1875,腓特烈大帝
1876,義大利
1877,2000年
1878,1932年
1879,韓劇體現著韓國東西合璧混合文化
1880,路易-菲利普
1881,
1882,相聲
1883,《古魯·格蘭特·薩希卜》
1884,1865年
1885,周叔蓮
1886,1924年
1887,德國財政局
1888,30%
1889,楊宇霆
1890,法國
1891,詹姆斯·史都華
1892,周恩來
1893,金礪
1894,環境污染
1895,藍營
1896,國務會議
1897,洛厄爾天文台
1898,加拿大式雙打
1899,后妃傳
1900,中日甲午戰爭
1901,金門
1902,電氣化鐵路
1903,《十六國春秋》
1904,2006年
1905,中華民國實業部
1906,1973年4月，是中國人民解放軍防管時期。1966年5月，中央決定撤銷公安部隊，邊境防衛和管理任務交由中國人民解放軍擔負。第五次調整是1973年
1907,多倫多
1908,大學生的城市
1909,約翰·洛克菲勒
1910,1960年代末
1911,1596年
1912,托馬斯·亨特·摩根的果蠅遺傳、阿爾伯特·愛因斯坦的引力透鏡以及埃德溫·哈勃
1913,阮攸
1914,海膽卵細胞受精作用的研究顯示，精子的細胞核會進到卵子的內部，並與卵子細胞核融合。首度闡釋了生物個體由單一有核細胞發育
1915,議會制
1916,1977年
1917,東西伯利亞喇嘛教則例
1918,莫斯科
1919,五分之一
1920,《德意志語言正字大詞典》
1921,暴雪爐石傳說：魔獸英雄傳
1922,南肯辛頓博覽會路
1923,《渡假留香》
1924,日本
1925,硫酸
1926,奧匈帝國
1927,水門事件
1928,斯364線
1929,閻錫山
1930,1997年
1931,托爾金
1932,龍興之地
1933,中國政府因開放市場的需要
1934,阿伊努人
1935,十九世紀末，曾留學於西歐和俄國的學生、技術工人和藝術家將社會主義思想帶入南斯拉夫，並開始展開政治活動。1917年
1936,五倍
1937,風能
1938,艾森豪
1939,
1940,網球正拍擊球
1941,帕西瓦爾·洛厄爾
1942,二二八事件
1943,紅色
1944,澎湖
1945,二氧化硫
1946,理學
1947,1998年
1948,武隆縣
1949,毛澤東
1950,1949年
1951,高輻射
1952,維基媒體
1953,生物質
1954,1939年
1955,清朝末年
1956,安土桃山
1957,哲學原理
1958,2001年8月15日
1959,雲貴高原中部
1960,
1961,1455年
1962,鄧穎超
1963,代表宇宙秩序
1964,傳統音樂
1965,謝貴
1966,法國
1967,保加利亞
1968,恢復市場的功能，以邁向生產力理論
1969,北非
1970,中華民國政府
1971,進行缺氧新陳代謝
1972,淋巴液
1973,斷罰出征，並全征燒埋銀
1974,1901年
1975,二十六歲的生母慈禧皇太后掌權，而一直在母親慈禧太后的控制下，於十八歲
1976,混合糖
1977,農歷新年時吃元宵、年糕及蘿蔔糕；在端午節
1978,解體
1979,音速巡航
1980,1312年
1981,1970年
1982,颱風
1983,以色列
1984,無性別的宦官與宮女的結合
1985,兩個
1986,對日抗戰
1987,1989年
1988,元世祖
1989,天文學家
1990,毛澤東
1991,英國
1992,最高人民法院
1993,伊拉克戰爭
1994,中部科學園區
1995,台北市立體育場
1996,朱友貞乾化二年敦煌迎來一位新的統治者曹議金
1997,1945年
1998,1893年
1999,收容遣送制度
2000,中國國民黨
2001,《寂靜錢鍾書》
2002,狄拉克
2003,金黃飽滿
2004,移民實邊
2005,水軍
2006,黨
2007,
2008,劉少奇
2009,瑞士洛桑國際管理學院
2010,1950-1980
2011,著陸
2012,人權狀況
2013,丹尼爾奧爾特加
2014,幾何學
2015,二戰後的移民潮令多倫多的市郊衛星城鎮迅速增長，而為了更有效管理和協調土地和其他資源的分配，多倫多市和十二個周邊城鎮於1954年
2016,風之國度
2017,拜占庭
2018,阿格旺多傑
2019,首席的元老
2020,11世紀
2021,阿普列尤斯
2022,德國人
2023,總能量
2024,
2025,省務會議
2026,1610年1月7日
2027,荷蘭
2028,喬治亞共和國
2029,咸豐二年
2030,六四天安門事件
2031,定向天線
2032,通俗的
2033,低自轉速速的狀態由於角動量守恆，[UNK]一個轉動的物體會以增加自轉的速率來補償尺寸上的縮減，而絕大部分消散的角動量是經向外吹拂恆星風帶走的。無論如何，波霎的自轉是非常快速的，例如在蟹狀星雲核心的波霎，自轉速率為每秒30轉
2034,哭泣
2035,1948年
2036,1987年
2037,洪堡
2038,1847年
2039,唐睿宗
2040,1968年
2041,不動產
2042,歷史最為悠久
2043,林肯總統
2044,駿馬之邦
2045,元末民變
2046,歐亞大草原
2047,軍校任上尉特別官佐
2048,1599年
2049,3個
2050,
2051,吸引選票
2052,段祺瑞
2053,普魯士
2054,高句麗
2055,雅爾達協定
2056,溧陽
2057,學會部
2058,林肯總統
2059,科什圖尼察
2060,
2061,進步主義法案
2062,500毫升
2063,天文學家都相信恆星被固定在永恆的天球上，並且永遠不會變化。經由相約成俗，天文學
2064,民國四年
2065,蒙古人
2066,正德十一年
2067,橫紋肌。另外，心肌細胞互聯成網
2068,
2069,經濟學人智庫
2070,劉少奇
2071,旭烈兀得知蒙哥於南征南宋時去世
2072,瀧川
2073,莫高窟則位於敦煌城區東南方向的鳴沙山上，於1987年被列入世界遺產名錄。莫高窟
2074,電穿孔細胞
2075,決心儘早訪問中國
2076,
2077,1924年
2078,古希臘語
2079,標準化合約
2080,洋馬兒
2081,克勞狄二世
2082,1米
2083,彌次郎
2084,戀愛婚姻話題
2085,宜蘭段，由於坡度較高，通常貨運列車
2086,
2087,李察·賓特利質疑這些恆星為何沒有對太陽系施加萬有引力，艾薩克·牛頓
2088,非逃港者
2089,柏拉圖
2090,教法
2091,塔蘭托戰役
2092,納瓦拉
2093,阿爾卑斯山
2094,黃埔軍校
2095,
2096,劉[UNK]
2097,一億光年遠
2098,1995年
2099,紅矮星
2100,日語
2101,第五大城市
2102,19世紀
2103,草本
2104,涵元殿
2105,奧斯卡·赫特維希
2106,1971年
2107,漢諾瓦
2108,段祺瑞回任參謀總長兼陸軍總長。6月袁世凱病逝，黎元洪接任大總統，段祺瑞
2109,感染。另外若產婦有植入性胎盤情形，會增加此階段大量出血的風險。專家建議產後餵初乳，可以減少出血以及增強孩子免疫
2110,民國18年
2111,俄語名為薩哈林島
2112,1913年
2113,法國東部
2114,灣仔
2115,拉丁語
2116,長久生活
2117,畢達哥拉斯
2118,貝聿銘
2119,世界的中心
2120,第53
2121,愛德華一世
2122,法國籍
2123,一次世界大戰時期
2124,大量安眠藥
2125,史坦波中心
2126,《科學怪人》
2127,林登·貝恩斯·詹森
2128,
2129,日本
2130,布政司署
2131,江蘇淮安
2132,劉裕
2133,中共中央副主席
2134,毒氣
2135,連接子
2136,普洱專區
2137,保險
2138,英國倫敦溫布頓
2139,《皇明祖訓》
2140,2008年
2141,佐世保
2142,申城
2143,德川家
2144,河川
2145,岩石圈
2146,遠古時代
2147,聯邦儲備系統
2148,1925年
2149,1926年
2150,德國
2151,亞熱帶
2152,1966年
2153,古希臘
2154,《戡亂建國教育實施綱要》
2155,西南方言
2156,卡拉恰伊湖
2157,王藍
2158,南成旭
2159,
2160,光球層之上是恆星大氣層
2161,漢字
2162,絲綢之路
2163,5642米
2164,殺蟲劑中毒
2165,寮國
2166,產業工會聯合會
2167,積水潭
2168,薩繆爾
2169,南奧塞提亞自治區
2170,浮動匯率制度
2171,農業
2172,春夏交際多霧，秋天
2173,將兩國國界以黑龍江為基本界限劃清
2174,永興
2175,雲南省
2176,美國
2177,扶植農業
2178,陽邁二世
2179,艾瑪·史東
2180,一大批來自原第三帝國東部的難民想要在這個地緣遼闊的邦找到棲身之地
2181,聯邦在內戰中取勝
2182,玉泉北路
2183,1789年
2184,280天
2185,旅遊業
2186,柏拉圖
2187,質學院
2188,2007年
2189,國家歷史文化名城稱號
2190,維基媒體基金會
2191,
2192,亞穆納河
2193,非婚生
2194,孫中山
2195,「最佳演唱團體獎
2196,冊封
2197,防火能力
2198,精神醫學
2199,機炮
2200,山口鐵五郎
2201,
2202,性別演化
2203,第三心音可能出現在小孩、年輕的成人或懷孕晚期的女性身上。第四心音
2204,李白
2205,世襲制度
2206,韓國海關
2207,新疆
2208,2009年
2209,牛胃氣膨脹中得到啟示，將自家花園用來澆水
2210,南源玉帶河
2211,吠陀梵語
2212,東晉
2213,伸展台
2214,印第安納大學俱樂部
2215,雷達吸波收材料
2216,1950年代
2217,西緣
2218,農業
2219,東芝
2220,
2221,川本芳昭
2222,伊斯蘭教
2223,[UNK]糯
2224,商業貿易又極度萎縮
2225,管惟炎
2226,2002年
2227,620年
2228,民國2年
2229,
2230,現代主義
2231,天主教
2232,美利堅聯盟國
2233,克勞狄二世
2234,1949年
2235,1911年清朝滅亡，1915年
2236,數學科幻
2237,心室底壁組織
2238,東南亞
2239,湯瑪斯·勃蘭契特·瑞德
2240,周恩來
2241,空權
2242,[UNK]-51戰鬥機
2243,日本
2244,民國27年
2245,模擬別人的言行
2246,1897年
2247,李察·賓特利
2248,印尼
2249,康熙四十八年
2250,東晉門閥政治的地理格局，以荊州
2251,公共環境事務學院
2252,28個協商國有權表決和通過決議，而其他22個非協商國則只能列席會議
2253,克里米亞戰爭
2254,國防部空軍司令部
2255,北京
2256,1945年
2257,福松
2258,閉關鎖國
2259,1972年
2260,2013年
2261,拉丁字母
2262,佳木斯
2263,1918年
2264,太陽
2265,非金屬類材料
2266,基督教
2267,聯合國人權委員會
2268,庫里爾台大會
2269,氫
2270,頭
2271,賓夕法尼亞州大學
2272,環境污染
2273,穀類
2274,毛奇
2275,
2276,後代
2277,澳大利亞
2278,王白駒
2279,孫堅
2280,第一心音
2281,東晉
2282,非金屬材料構成，而必須以全金屬，尤其是高強度的鋁合金
2283,道格拉斯
2284,玉米
2285,東羅馬帝國
2286,五個
2287,民國25年
2288,松花江
2289,美國
2290,宋理宗
2291,哈雷彗星
2292,2008年
2293,南北韓高級別會談機制
2294,紅水河
2295,丹尼索瓦人
2296,斯芬·佩斯
2297,2013年
2298,告士打道
2299,下薩克森邦
2300,副熱帶濕潤氣候
2301,1200萬名
2302,督憲
2303,2007年
2304,29.48萬人
2305,1998年
2306,鞏高峰
2307,赤道
2308,12個
2309,西伯利亞
2310,櫻花大道
2311,焦爾達諾·布魯諾
2312,國際網球協會
2313,流民原籍來定新州郡
2314,諷刺
2315,一個官僚主義者階級
2316,刺史
2317,胚胎期心臟的結構中了解。這是一根管道上有四個腔隙，並會相繼收縮
2318,1180年
2319,三歲
2320,嗜賭者自殺風險加大
2321,雷焦卡拉布里亞國家考古博物館
2322,阿克爾自治市
2323,香港人
2324,都市計劃
2325,西班牙
2326,猶太人
2327,阿普伽新生兒
2328,一卡通
2329,2比1
2330,請師
2331,[UNK]氣候分類系統
2332,外國人
2333,孫中山
2334,金銀珠寶
2335,10世紀
2336,1939年
2337,寄遞郵件貼用的郵資憑證
2338,數位訊號，後者採取分立的邏輯值，而前者可以取得連續值
2339,更為可貴
2340,漢江
2341,空軍
2342,音樂
2343,《四十二章經》
2344,阿爾杜伊尼卡家族
2345,工業發展
2346,海因利希・弗格勒
2347,第五套
2348,景洪市
2349,憲法
2350,爭取陽光
2351,《失落的故事集
2352,1918年
2353,200米
2354,原始宗教
2355,1區
2356,博物學
2357,杭州
2358,夜間攔截任務
2359,二次大戰
2360,威廉·馮特
2361,彰化市民代表會
2362,法國大革命時期
2363,明朝
2364,2013年
2365,朱德
2366,陳湯銘
2367,漢武帝時期
2368,1963年
2369,東經
2370,英籍工程師西排立
2371,主語
2372,太陽
2373,
2374,大清帝國
2375,1938年
2376,2014年
2377,一度擁有為數眾多
2378,2007年
2379,法國
2380,先發制人入侵薩克森和波西米亞
2381,羅斯托克港
2382,為了鞏固自己及子孫的統治
2383,蒙古語
2384,甲醇
2385,元太宗
2386,15625億日元
2387,
2388,沙阿摩訶末時期
2389,泰封國。918年
2390,北非作戰階段
2391,國有企業
2392,1987年
2393,核酸酶
2394,金軍
2395,1-0
2396,加拿大式雙打
2397,球皺褶，兩者對生
2398,
2399,40年
2400,2901.3平方公里
2401,桃園市
2402,馬可·波羅在忽必烈時期隨從他的父親和叔叔來到中國，在其口述並由魯斯蒂謙
2403,高等學校新生入學考試制度
2404,強烈東北季風吹襲
2405,「學習偉大領袖毛澤東」
2406,19世紀
2407,韓國
2408,康熙帝
2409,楊亨燮
2410,清宣宗時代
2411,蒙漢兩元政治
2412,黑色貝雷帽
2413,三國史記
2414,四次
2415,林彪
2416,顯性文明
2417,1972年
2418,錫克教
2419,慢病毒載體
2420,人工流產
2421,1603年
2422,一分
2423,
2424,2005年
2425,阻力減低
2426,新石器時代
2427,孔齊
2428,海因里希·赫茲
2429,1958年
2430,香港特別行政區政府部門及聯合國屬下的世界氣象組織
2431,通貨膨脹
2432,1820年代
2433,統籌局
2434,
2435,天主教
2436,釀酒業
2437,1958年
2438,2010年
2439,柏樹林
2440,海拔80公里
2441,仙台市
2442,蔣定之，江蘇省人大常委會副主任史和平
2443,裝飾
2444,
2445,印第安納波利斯
2446,義和團事變
2447,混合苦膽的酒
2448,洪武三十一年
2449,關島組織法
2450,2008年
2451,第五次調整
2452,彼得二世
2453,19世紀晚期
2454,豐富銀礦為東羅馬提供了貴金屬
2455,合不勒汗
2456,
2457,察合台汗國
2458,民國15年
2459,北太平洋
2460,巴納德
2461,量子光學
2462,糧食
2463,
2464,全國地圖正保御國繪圖
2465,民國3年
2466,投保人
2467,太陽
2468,坎貝爾式
2469,港島區
2470,沙阿摩訶末時期
2471,羅馬帝國衰落
2472,《中華人民共和國憲法》
2473,二十歲
2474,打比賽
2475,中村法道
2476,高要
2477,鐵穆爾「皇太子寶」並且讓他鎮守和林。隨後鐵穆爾
2478,391年
2479,英國精神醫學期刊
2480,1878年1月
2481,1260年
2482,13小時
2483,氦
2484,新校地
2485,忽必烈
2486,約翰一世
2487,黑死病
2488,第二次世界大戰
2489,卡胡盧伊
2490,硫酸
2491,氮化硫
2492,參議員
2493,1972年
2494,都市計劃
2495,緻密星
2496,徐樹錚
2497,無痛分娩
2498,50名
2499,虞氏
2500,煤煙消除
2501,公民化
2502,宏碁
2503,國民政府時期
2504,海因里希·赫茲
2505,伯明罕
2506,朱棣
2507,五桂山的客家人
2508,匹茲堡
2509,威廉·赫歇爾
2510,
2511,《動員戡亂時期臨時條款》
2512,
2513,1989年
2514,
2515,東部
2516,毒品
2517,7%
2518,韓國
2519,女低音
2520,逝世後整理遺產
2521,泰國
2522,農民階層
2523,孔恩
2524,索契，俄羅斯聯邦克拉斯諾達爾邊疆區與阿布哈茲接界處、黑海沿岸，是俄羅斯受歡迎的渡假勝地。2013年有人口368011人。索契
2525,比利時
2526,重慶理工大學
2527,支持臺灣獨立
2528,光明天皇
2529,托木斯克
2530,葛摩
2531,1897年
2532,《臺灣自救運動宣言》
2533,詳細規劃
2534,十億年前
2535,1486年
2536,英國
2537,1970年代
2538,1500公里
2539,南極條約協商會議
2540,布里亞特人
2541,建炎二年
2542,宣統三年
2543,6月1日
2544,前279年
2545,中國大陸
2546,西元前1534年
2547,澳洲國立大學
2548,1906年
2549,釋迦牟尼
2550,1960年代
2551,1640年
2552,政府財政撥款。島上最主要的經濟活動為軍事基地周邊的服務業
2553,威尼斯人
2554,港鐵營運
2555,女低音
2556,6月1日
2557,1999年
2558,2005年7月21日
2559,古代小說總集，該書描寫一千多年前戰國時代
2560,國家預防腐敗局
2561,噪音過大
2562,「大學生研究計劃
2563,嘉義大地震
2564,1994年
2565,王亞南
2566,皇后大道
2567,八零年代
2568,1234年
2569,日本
2570,瑞派克路
2571,停產儀式
2572,發動機
2573,人大代表
2574,康熙三十二年
2575,工業門類以重工業
2576,德國財政局
2577,1952年
2578,十二月屠殺的事件中，多達15位的政治反對領袖遭到執政政府的暗殺
2579,驅逐艦因其具備多功能性而備受各國海軍
2580,十月革命
2581,張成澤
2582,特定場合而制
2583,公元1世紀
2584,1923年
2585,升格直轄市
2586,地球大氣壓力
2587,興十一年
2588,烈女義坑
2589,臭氧層
2590,日本青年社
2591,廣東籍
2592,卡拉布里亞
2593,自由派
2594,1990年代
2595,秋明州
2596,倫敦煙霧事件
2597,加州
2598,自由
2599,韓國
2600,不穩定性
2601,多瑙哲羅魚
2602,亨利克萊
2603,歐美國家
2604,洛東江
2605,哈德斯菲爾德的總教練赫爾伯特·查普曼
2606,噪音過大
2607,廿八歲
2608,濟南
2609,2016年
2610,印度國民軍士兵大審判
2611,榮休教宗
2612,中華民國教育部
2613,2比1
2614,美利堅合眾國眾議院為美國國會兩院之一，另一院為參議院
2615,1861年
2616,1991年
2617,擁有領土主權
2618,1953年12月
2619,白[UNK]紀滅絕事件
2620,1月27日
2621,曼莫漢·辛格
2622,刺激性
2623,七七事變
2624,民主黨
2625,1895年
2626,1895年6月
2627,法蘭克福自由市
2628,洛東江
2629,拒絕投降
2630,載淳
2631,滿分1600分
2632,約翰•波羅金侯恩
2633,失分
2634,第一次鴉片戰爭
2635,特殊黨員
2636,中國
2637,蔡素玉
2638,英國
2639,工藝上的難度不獲好評
2640,中國特色社會主義理論
2641,2008年
2642,4個
2643,溫州
2644,下薩克森邦
2645,《宅地法》
2646,中途公園
2647,駐越美軍
2648,燈罩上
2649,高房價
2650,1848年
2651,2016年9月30日
2652,效益主義
2653,解放軍
2654,1946年
2655,伊斯蘭教
2656,東勝寺一役
2657,夏季
2658,巴克提派的虔信運動和伊斯蘭教蘇菲派一神論
2659,暴雪
2660,第二次世界大戰
2661,歷史學家
2662,理論心理學
2663,西方墨點法
2664,
2665,唐朝
2666,戰鬥機
2667,戴維·勞合·喬治
2668,脫水
2669,國家邊海防委員會
2670,洋馬兒
2671,中部科學園區
2672,1822年
2673,特瓦族
2674,中宮寺
2675,麻州
2676,杜林
2677,庫侖阻力
2678,新杜老誌夜總會
2679,呂秀蓮
2680,耶穌會
2681,愷撒
2682,贊格祖爾
2683,進口替代
2684,捷克斯洛伐克
2685,2013年
2686,忠孝橋
2687,梅布爾
2688,1954年，取得內部自治權。1960年
2689,高崗
2690,1930年
2691,海水淡化
2692,大學文憑
2693,花崗岩錐狀島嶼
2694,爭議性
2695,1779年
2696,印尼
2697,人本主義
2698,首爾塔洞公園
2699,棄權
2700,廣東人
2701,公開產品
2702,3%
2703,玉米
2704,普法戰爭
2705,什錦麵
2706,供給創造需求
2707,中東
2708,三十八年
2709,陳誠
2710,土魯斯的阿爾比派
2711,大馬哈魚
2712,中國大陸
2713,甘蔗
2714,不滿北條氏專制政權
2715,嘗試儲存網頁
2716,
2717,昆明公交公司
2718,2010年
2719,巴洛克風格
2720,獨裁政體
2721,2008年
2722,納粹黨
2723,清政府
2724,威廉二世
2725,[UNK]
2726,漢魏故城
2727,1920年代
2728,五色旗
2729,威廉一世
2730,接收人造衛星
2731,35號
2732,1702年
2733,失去控制
2734,新加坡
2735,同盟國
2736,1944年
2737,臺灣國語
2738,布里斯托爾
2739,河運
2740,二部
2741,國際動物命名委員會
2742,黃金自由貿易
2743,施耐庵
2744,耗資6億美元、世界上規模最大的集中式太陽能發電站
2745,大韓帝國
2746,巴黎郵局
2747,第265任
2748,蒸汽機車
2749,死亡
2750,40人
2751,阿拉瓦克印第安人
2752,一金線
2753,日本各[UNK]鐵路公司
2754,超音速
2755,德國
2756,蘿蔔糕
2757,伽利略
2758,1875年
2759,裏海
2760,1863年
2761,1880年
2762,16世紀
2763,1804年
2764,杜林
2765,1991年
2766,毛利家
2767,短體鯨龍
2768,尹伊桑
2769,拿破崙
2770,267年
2771,京大年度慶典「11月祭
2772,中華人民共和國
2773,愛格思海金斯公司
2774,阿拉巴馬州
2775,1994年
2776,阿普列尤斯
2777,曹丕先後三次對吳用兵，均無功而還。後曹休又在228年在石亭之戰對吳用兵，亦遭陸遜、全琮和朱桓等人迎擊而失敗。黃龍元年四月丙申，孫權稱帝，國號吳，改元黃龍，是為吳大帝
2778,傑斐遜·戴維斯
2779,1867年
2780,70%
2781,狩獵採集社會
2782,第三世界國家
2783,國民黨
2784,入學考試
2785,生物演化
2786,伊斯蘭哈里發軍隊
2787,鄂圖曼軍隊
2788,1986年
2789,古代
2790,二戰
2791,中國天主教愛國會
2792,心血管疾病
2793,
2794,元朝
2795,硫酸
2796,義大利戰爭
2797,超級基金法
2798,中華人民共和國
2799,納粹德國
2800,募兵制
2801,1933年
2802,
2803,丙子胡亂
2804,1765年
2805,天主教會
2806,
2807,英國
2808,華沙
2809,伯力
2810,外交政策
2811,以上述的特點加以描述
2812,8世紀
2813,約翰二世·科穆寧皇帝
2814,凡爾賽宮
2815,北海道帝國大學
2816,2008年
2817,信陽
2818,「地區邊界」
2819,電腦介入飛控系統
2820,動物命名法
2821,2016年
2822,1789年
2823,總指揮
2824,國際動物學會議
2825,屬下被朝廷處死
2826,金靴獎
2827,齊格蒙特三世
2828,考古學
2829,莫哈梅·西亞德·巴雷
2830,萊茵河
2831,氧化亞氮氣體
2832,第三次與第四次迦太基大會的接受，新約正典
2833,孫叔敖
2834,攻占納哈出的金山
2835,
2836,內燃機引擎
2837,銀熊獎
2838,1968年
2839,降低靜止心率
2840,釣魚臺
2841,6座
2842,
2843,武昌起義
2844,直接管理寺院周圍13莊政教事務
2845,殺傷力大
2846,第一波新政
2847,幾何學
2848,1976年
2849,
2850,第2758號
2851,1980年代
2852,楊森於民國34年1月調任貴州省政府主席。楊森
2853,1859年
2854,為了更好的與羅馬帝國進行貿易活動
2855,
2856,阮彌之
2857,粵西
2858,羅斯托克港
2859,印度河文明
2860,约瑟夫·斯卡利格
2861,寧波人
2862,維多利亞港
2863,暴雪娛樂
2864,20%
2865,分發式政策
2866,馬可福音
2867,12歲
2868,比利時
2869,1000米
2870,馬關條約
2871,羅斯福
2872,大陸性季風氣侯
2873,214微克
2874,81席
2875,過渡時期憲法
2876,
2877,段氏
2878,1957年
2879,
2880,
2881,社會學
2882,雌雄同體
2883,馬來群島調查
2884,攔截機
2885,泰國
2886,2000年
2887,15年
2888,英國[UNK]級驅逐艦
2889,臺灣外交困境
2890,第26屆
2891,武漢大學
2892,第三心音
2893,1989年
2894,史達林
2895,交通建設早期以聯絡新北市與臺北市為主，較少以新北市為主體的交通建設
2896,英國
2897,廣州鐵路公司
2898,航太
2899,海森堡
2900,孫傳芳
2901,元滅宋之戰
2902,亞歷山大·羅德
2903,阿卡狄烏斯
2904,多倫多是多元文化的聚集中心。每年舉行的文化節目包括6月的同性戀自豪節，夏季的加勒比節，而北美其中一個重要電影盛會的多倫多國際電影節則在9月
2905,農書》
2906,伊爾庫次克
2907,中世紀中期
2908,
2909,庫曼語
2910,台南
2911,精神醫學
2912,蕃童教育所
2913,1987年
2914,發願
2915,6月1日
2916,直布羅陀海峽
2917,主動宣傳
2918,在一固定期間內，一家機構的現金增減變動情形
2919,1923年
2920,鏡廳
2921,安帝
2922,康熙年間
2923,托列斯海峽
2924,自由民主黨
2925,印度洋
2926,兩年
2927,大致平坦的地貌
2928,磷礦石
2929,
2930,克羅埃西亞
2931,1512年
2932,成熟階段
2933,
2934,負有義務
2935,哈德良
2936,《關於托勒密和哥白尼兩大世界體系的對話》
2937,傳送其基因組進入其他細胞，進行感染的分子機制。慢病毒載體
2938,發明
2939,種族
2940,南成旭
2941,盧安達
2942,阿森納
2943,厄爾布魯士峰
2944,南京國民政府
2945,明朝
2946,武器設計製造人才
2947,2002年
2948,沒有
2949,50個
2950,
2951,嚴寒
2952,1874年
2953,烏茲別克族
2954,金泳三
2955,擅長隨心所欲控制自己的體重
2956,新生代
2957,憲政改革
2958,
2959,成吉思汗
2960,電動機
2961,承辦五大宗教
2962,聯合國
2963,一個龐大的內需市場
2964,高商業價值
2965,翻版金日成
2966,啟德機場
2967,瑞士在1912年就引入了第一枚航空郵票。奧地利
2968,日本
2969,愛爾蘭語
2970,海森堡
2971,
2972,敦煌石窟
2973,鍾祥蘭台宮
2974,朝鮮
2975,1972年
2976,
2977,兩天
2978,蘭王朝
2979,颶風戰鬥機
2980,黨內上層
2981,1932年
2982,1952年
2983,葛摩
2984,2003年1月12日
2985,釣魚臺
2986,
2987,村民委員會
2988,猶太會堂
2989,長崎縣
2990,《韓國憲法》
2991,宋孝宗
2992,宿衛軍
2993,榮西禪師
2994,16世紀末葉
2995,西晉，為州、郡、縣三級制。雖然各國佔地不大，但往往分置許多州，以致州境縮小。並且將自己沒有統治的州郡也常常在境內設置，例如前趙
2996,西人黨
2997,民國25年4月，中共皖浙贛省委在皖贛邊的[UNK]公山成立，同時成立以皖南獨立團為基幹的皖浙贛獨立團。在浙西遊擊區還有上浙皖特委獨立營、下浙皖遊擊司令部、浙皖軍分區等武裝。民國26年
2998,中東
2999,一次世界大戰時期
3000,「大朝鮮國
3001,麻省理工建築與規劃學院
3002,熱帶稀樹草原
3003,1171年
3004,《日韓合併條約》
3005,羽柴秀吉
3006,統治階級
3007,民國四十三年
3008,眾議院選舉
3009,魏源
3010,保祿六世
3011,阿拉伯宗教
3012,庫務局
3013,印度-雅利安語言
3014,思想多元化、商業經濟發達與交通便利，使得元帝國的強盛，是東亞地區的富裕大國，在歐洲人馬可波羅的遊記中，可以看出當時的盛況。隨著理學影響的下降
3015,先發制人入侵薩克森和波西米亞
3016,艾瑪·史東
3017,1622年，荷蘭東印度公司試圖將澎湖建立成一個貿易前哨站，但被明朝擊退。1624年
3018,第三產業
3019,自轉軸的兩極
3020,德宏州
3021,25個
3022,喬治·史蒂芬生
3023,查士丁尼一世
3024,華北平原
3025,振州
3026,
3027,李時珍
3028,摩斯科格族
3029,埃及
3030,辛亥革命
3031,六十年代
3032,十年
3033,伊斯蘭教
3034,
3035,平成
3036,周恩來
3037,《北京條約》
3038,1976年
3039,1958年
3040,生產總值
3041,國民議會
3042,馬鈴薯
3043,動方
3044,生活部
3045,歐洲工業文明崛起
3046,15566人
3047,調整其以往只與西方資本主義國家發展關係的外交政策
3048,300公厘
3049,蘇門達臘
3050,洪邁
3051,淮安區
3052,左手
3053,瀛台之北
3054,2002年
3055,[UNK]，而英國為[UNK]，達50%
3056,西里爾字母
3057,南明政權
3058,中國共產黨紀律檢查機關
3059,中西部的黑森邦的第一大城市，也是德國的第五大
3060,契約經濟
3061,鐵路線
3062,郭松齡
3063,為了保護蒙古人地位
3064,人民從事工農業
3065,修正主義
3066,葉赫那拉氏
3067,金正恩
3068,塔蘭托戰役
3069,戰勝國
3070,唐朝
3071,哈利里德
3072,1867年
3073,劉少奇
3074,90年代
3075,溫尼伯國際機場
3076,朝鮮民主主義人民共和國
3077,馬克思主義
3078,92部作品中，只有2部
3079,
3080,黑龍江
3081,克勞狄二世
3082,昆明長水國際機場
3083,秦漢時期
3084,居民委員會
3085,民國27年改為15個視察區。民國29年
3086,第二帝國時期
3087,劉源
3088,通化市
3089,鄭成功
3090,烏茲別克斯坦
3091,玉米
3092,樺樹
3093,建設性的互補夥伴關係
3094,2006年
3095,1970年代初期
3096,法西斯主義
3097,影迷太多
3098,馬加人
3099,1938年
3100,西德
3101,體現著韓國東西合璧混合文化
3102,阿普伽新生兒
3103,駱克道
3104,71.7公里
3105,西羅馬帝國
3106,收縮性
3107,廣電總局
3108,「十三翼之戰
3109,艾森豪
3110,東德對過境檢查非常嚴格。國家安全局六處出入境控制單位直接管轄檢查站
3111,通惠河
3112,雲貴高原
3113,喀喇汗國
3114,1917年
3115,紅衫軍運動
3116,第五次北伐
3117,烏來區
3118,綠窗口
3119,電壓
3120,希臘文化
3121,幽州
3122,多達15位的政治反對領袖遭到執政政府的暗殺
3123,第一次直奉戰爭
3124,1970年代
3125,曲藝
3126,平定南昌的寧王宸濠之亂
3127,周恩來
3128,貴霜帝國
3129,二戰
3130,南海縣
3131,《華府風雲》
3132,韓國
3133,過度漢化
3134,4000米
3135,李東陽
3136,1919年
3137,[UNK]糯外觀細長，顏色均為白色不透明。煮熟後米飯較軟、黏。粳糯常見用途為用於釀酒、米糕、紅龜粿、甜粿、湯圓等。[UNK]糯
3138,百萬分之一
3139,印度
3140,青天白日勳章
3141,尼古拉杜霍寧
3142,浙江紹興浙軍第二旅第六團第三連當見習官
3143,任務不同
3144,信陽市
3145,1782年
3146,1867年
3147,亞伯拉罕諸教認為生命神聖，所以自殺有違上帝旨意。在日本武士時代
3148,
3149,貝爾格勒
3150,豐田汽車
3151,政府財政撥款
3152,1918年
3153,1972年
3154,柴油
3155,荷蘭
3156,伊薩克
3157,異裂
3158,卡爾施塔特
3159,阿拉伯字母
3160,二氧化碳
3161,1948年，韓國公布第一部憲法並按憲法原則建國。在建國後的幾個十年中，韓國對憲法進行了九次
3162,《三國演義》
3163,黃琪翔
3164,中國人民銀行成立後於1948年12月1日首次發行的貨幣，是中華人民共和國的法定貨幣。中國人民銀行
3165,商業和工廠。傑佛遜
3166,[UNK]公開賽
3167,2006年
3168,土地改革
3169,[UNK].[UNK].[UNK][UNK]
3170,瑞典皇家科學院
3171,
3172,1739年
3173,民族文化多元化
3174,開槍射擊令
3175,
3176,商業上的活力
3177,
3178,西柏林一側
3179,田春蔚
3180,冬季奧運會
3181,動物命名法
3182,農礦部
3183,艾薩克·牛頓
3184,馬薩諸塞州
3185,4世紀
3186,第一個階段
3187,波蘭
3188,麗貝卡·布蘭克
3189,田漢
3190,日本發動太平洋戰爭
3191,公元前37年，扶餘王子朱蒙因與其他王子不和，逃離夫餘國到鴨綠江沿岸的卒本扶餘，建立高句麗。《續資治通鑑長編》卷323宋元豐五年
3192,同化政策
3193,莫敦梅
3194,北京
3195,1942年中之前
3196,巴洛克風格
3197,巴爾幹社會主義
3198,15年
3199,
3200,俗世
3201,受貨幣經濟影響
3202,后妃傳
3203,1949年
3204,曼努埃爾一世
3205,切羅基人
3206,31個
3207,李萁永
3208,新北市
3209,北竿島的壁山標高291.7公尺，為馬祖列島
3210,拉彼魯茲
3211,
3212,1235年
3213,莫高窟
3214,二核能發電廠
3215,韋利奇科·迪米特羅夫·克林是馬其頓內部革命組織
3216,2017年
3217,伊斯蘭哈里發軍隊
3218,新北市
3219,物理光學
3220,波多黎各
3221,1929年
3222,4000篇
3223,鱷魚
3224,斯洛伐克布拉迪斯拉發附近的多瑙河
3225,
3226,客車整備
3227,被日本人鎮壓
3228,江北地區
3229,耕牧
3230,19世紀
3231,中山菜
3232,弗拉維烏斯·奧古斯都·霍諾留
3233,鐵穆爾「皇太子寶
3234,倭國
3235,1949年
3236,東羅馬文化
3237,會長
3238,收養資格
3239,昆明巫家壩國際機場
3240,豐田汽車
3241,兩棲動物
3242,
3243,游隼
3244,1961年
3245,馬爾吉特
3246,13世紀
3247,詹姆斯·畢倪和邁克爾·馬黎·費爾德的報告書
3248,傑羅姆萊特文
3249,漢族
3250,
3251,小高加索山脈
3252,經濟部
3253,軍事科研活動
3254,中國共產黨紀律檢查機關
3255,運糧困難，水軍遭遇風暴
3256,民主黨
3257,1636年四月，皇太極稱帝
3258,求其放心
3259,進入膠著對峙狀態
3260,國共內戰
3261,公元第二世紀
3262,[UNK]-29轟炸機
3263,不變
3264,漢朝軍事壓力
3265,1924年
3266,儒略週期
3267,鄧小平
3268,昆明
3269,華萊士
3270,素燃料，燃燒的最外層是氫融合，第二層
3271,亞洲金融風暴襲擊韓國。韓國外匯儲備銳減
3272,布爾什維克革命
3273,民國元年
3274,1927年
3275,1233年史彌遠死後
3276,暫住證制度
3277,瑞士宗教改革家
3278,網路龐克
3279,教會法學博士
3280,維多利亞湖
3281,《天體運行論》
3282,馬英九
3283,曲藝團
3284,朱允[UNK]次子朱文圭
3285,巴夏禮
3286,廣島市在戰後重建，新式現代建築林立。當時，幾位公民領袖與學者商議重建計劃。1949年，經市長濱井信三倡議，廣島市獲日本議會宣告為「和平都市」。所以，廣島市
3287,監理會
3288,毒品
3289,韓國
3290,8家
3291,1891米
3292,馬來西亞
3293,烏爾蘇拉
3294,92%
3295,李[UNK]
3296,西伯利亞平原
3297,第十屆全國人大第五次會議
3298,馬林諾夫斯基
3299,湯瑪斯·霍布斯
3300,成吉思汗
3301,刺史
3302,以消極的制度治理臺灣
3303,李宗仁
3304,2.30下調到1985年1月的2.80
3305,1971年
3306,1281年
3307,爭取速度上的優勢
3308,國師八思巴根據當時的吐蕃文字
3309,厄爾布爾士山脈
3310,用來指揮小隊或中隊
3311,明朝
3312,動物脂肪
3313,
3314,奈及利亞
3315,1955年
3316,8市
3317,佛蘭德
3318,路易·菲利普國王
3319,曲藝團
3320,1912年3月13日，保加利亞、塞爾維亞、希臘與蒙特尼哥羅組成巴爾幹同盟，聯合攻打鄂圖曼土耳其帝國。10月18日巴爾幹同盟與土耳其爆發第一次巴爾幹戰爭。結果土耳其大敗，1913年
3321,1965年
3322,鐵
3323,通俗文化
3324,9世紀
3325,路易-拿破崙
3326,內蒙古
3327,
3328,宋高宗
3329,威武陳元帥廟
3330,美元
3331,黑矮星
3332,獅子派
3333,乾隆皇帝
3334,功利主義
3335,1998年
3336,西班牙
3337,朝鮮人民軍最高司令官金正恩「朝鮮民主主義人民共和國元帥
3338,成吉思汗時代
3339,成立一黨專政及打壓反對者
3340,地中海
3341,1897年
3342,1970年代中期
3343,歌手
3344,君士坦丁八世
3345,
3346,民國
3347,岳飛
3348,劉牢之
3349,105名
3350,卓袱
3351,五分之四
3352,上海人
3353,民族主義復活
3354,德國
3355,漢語
3356,集安
3357,1970年
3358,氫結成有毒化合物硫化氫
3359,李·亞科卡
3360,五年
3361,瓜拿納樹
3362,特瓦族
3363,
3364,加壓
3365,遺傳物質
3366,戴維·勞合·喬治
3367,海什木
3368,2006年
3369,白[UNK]紀中期
3370,
3371,克勞德夏農
3372,印度國民軍
3373,1932年
3374,人口較南方多出許多
3375,1964年
3376,通俗科幻小說雜誌
3377,法語
3378,政治主張
3379,兩岸經濟合作架構協議
3380,合肥市政府
3381,理查特里維西克
3382,
3383,彌爾
3384,宋元豐五年
3385,幽默
3386,普洱市
3387,唐開元二十六年
3388,美國
3389,高四層的西式洋房。站房設計採用英籍工程師西排立的設計圖紙，造價總計329440元銀元。大樓一層外牆採用花崗岩修建
3390,非常小
3391,1961年
3392,平均主義
3393,英國
3394,田漢
3395,模特兒
3396,
3397,民國27年
3398,佛教密宗
3399,59.9萬人
3400,2005年3月20日
3401,43.4%
3402,富凱
3403,喬治•赫伯特•沃克•布希
3404,1936年
3405,詹姆斯·布朗-拉姆齊
3406,伊利諾州
3407,前240年
3408,漢諾瓦
3409,性犯罪
3410,結構性下沉而出現的槽地質構造，隨著印度河及恆河的沖積作用
3411,造田興水
3412,戰鬥機
3413,黃大仙區
3414,元世祖忽必烈
3415,1930年代
3416,約翰一世
3417,元十七年
3418,
3419,德川家康
3420,哈大客運專線
3421,
3422,佛教
3423,恰克圖條約
3424,熱帶雨林
3425,「1月6日獨裁
3426,聖凱薩琳教堂
3427,諸羅縣
3428,協助自殺
3429,西晉
3430,[UNK]電視台
3431,1985年
3432,儒略週期
3433,1991年
3434,11世紀
3435,郭松齡
3436,1931年
3437,歐
3438,政治主張經興
3439,天皇
3440,2014年
3441,抽鄉
3442,股份制
3443,第四點五代
3444,飛機與潛艇性能提升
3445,1976年
3446,高山族
3447,15個
3448,宋公
3449,希洛分基地
3450,漢地大都
3451,康熙
3452,懷抱爽
3453,普羅斯佩·梅里美
3454,鄧小平
3455,開放市場
3456,維爾紐斯
3457,民國17年1月
3458,西部片
3459,雜交帶
3460,1990年代
3461,《魔戒》
3462,1958年
3463,儒家思想
3464,二戰
3465,12架
3466,廣西廣府人
3467,1897年
3468,總理
3469,1920年
3470,元弘之亂
3471,玻里尼西亞鼠
3472,倭王權
3473,中環
3474,1991年
3475,約瑟夫
3476,大部分的時間都在國外生活
3477,網球正拍
3478,大爆炸理論
3479,新南威爾斯大學
3480,良好行為
3481,造田興水
3482,中華人民共和國
3483,朱棣
3484,2.6%和政府開支的15%都用於國防建設。韓國擁有世界第6大的現役軍人人數和第2大
3485,主要由穆斯林和印度教徒構成
3486,亞俄
3487,東漢
3488,1941年
3489,生命線
3490,機場快線
3491,薩爾布呂肯地區
3492,張仲景
